,Index,tweet_id,text,predictions,label_final
0,2086847,/1087396834983710720,"This bill will help create more clean, American-made energy and jobs while also preserving environmental standards.",1,0
1,2515081,/1443686324079370240,Dollar Tree raising prices on some items to above $1 How can Pres Biden still claim inflation not happening? Pres Biden: u can’t spend $6 trillion it’s like throwing gasoline on the inflation fires,1,1
2,1669195,/860200304272436992,Dems will speak in a few short minutes on the GOP?Ä?s vote to kick 24 million off health coverage. #Trumpcare TUNE IN: https://goo.gl/Bj5Qoi,1,1
3,1620114,/913877794651869184,Tom Price abused the public trust. He sabotaged the #ACA. Looks like he paid the price.,1,1
4,2109489,/1210245440102383616,"The Left wants to take your guns, and they’re not even hiding it anymore. #2A",1,0
5,2710428,/1403048998311706629,"BREAKING: @POTUS is lifting sanctions on over a dozen former Iranians and energy firms. This, combined with handing Russia the #NordStream2 pipeline, signals Biden Admin's willingness to hand American energy independence away to malign foreign powers. ",1,0
6,2987203,/1409268692857262090,"Once again, American history is being denigrated by woke leftists. We will not stand for this. Are the leftists trying to destroy this country?",1,1
7,2695832,/1580360099763060738,"This vote tally is a thunderous win for Ukraine, the USA, and the free world. It’s a searing defeat for Russia. And it’s a deep disappointment from India, the world’s biggest democracy. ",1,1
8,2707557,/1442574174384320512,New Bill Alert Democrats want to keep paying people to stay home instead of work. My Back to Work Act would pump the brakes on their proposal.  We don’t need policies that drag down the economy and make people more reliant on government. ,1,0
9,2099292,/1107803437217923072,"As @SpeakerPelosi says: ""A budget is a statement of values.""Eliminating the Public Service Loan Forgiveness Program will both decrease opportunities for graduates and deter them from entering a life of #PublicService.Trump’s budget is a blueprint to sabatoge America’s future. ",1,1
10,1241488,/1036663974140497920,"Unions and workers are under attack from a Republican President and a Congress focused on further enriching the wealthy at the expense of everyone else. This #LaborDay, it is more important than ever that we honor working people with action.",1,1
11,1239016,/836399975491850240,"Real American leadership, real American power, is not shown by our ability to blow things up, but by our ability to bring parties together.",1,0
12,2770133,/1502799097702531072,The first time ever we became energy independent was in the Trump Administration because our policies made sense. We were actually leveraging American strength—that's America First.We need to regain that independence and demonstrate American strength now. ,1,0
13,3089308,/1437522875150442496,"""Biden is comfortable attacking Americans but deeply uncomfortable confronting enemies who would like to kill us.""A must-read from Newt Gingrich:",1,1
14,2435287,/1214241380073123841,"I believe in the doctrine of maintaining peace through strength. @realdonaldtrump understands that doctrine very clearly. He is talking tough because these times call for it. Rather than undermining @POTUS, we ought be united against what is a very serious aggressor in Iran ",1,0
15,2472673,/1126625673248944129,"Tonight, the House voted on a bill claiming to protect people with preexisting conditions but in reality it only perpetuates the endless, partisan messaging war that does nothing to fix the current instability of our health care system.",1,1
16,2991910,/1429556994948665359,"Make no mistake, China and Russia will take great advantage of President Biden’s bungled exit.",1,0
17,2326114,/1268312898029395971,"""Never did I dream that troops taking that same oath would be ordered under any circumstance to violate the Constitutional rights of their fellow citizens.""“We must reject and hold accountable those in office who would make a mockery of our Constitution.""",1,0
18,2913313,/1414670562664779778,The high inflation rate is making Americans fearful of the future. Inflation has risen to its highest level since June 2013 and continues to hurt consumers’ wallets. More here:,1,1
19,1846910,/1184181773162483712,"Today is the last day of Hispanic Heritage Month, when we recognize and celebrate the contributions of Hispanic and Latinx Americans. Here in Orange County, we know from firsthand experience that our communities are made stronger by diversity.",1,0
20,1576358,/931179435797213184,My office's phones continue to be flooded this morning with overwhelming opposition to the #GOPTaxScam. I refuse to vote for a bill that will ransack  middle class families.,1,1
21,1894412,/1204776632646586368,"Gun violence tears apart another community and my heart aches for its victims. But this mass shooting, like others, may be fueled by hate. We can't continue to do nothing as gun violence, anti-Semitism and discrimination rise, leaving more dead behind.",1,1
22,1128599,/1068561808460562432,"There is still more work to be done in Congress to ensure any final agreement stops the outsourcing of jobs to other countries, strengthens Buy America, puts in place real enforcement of labor provisions, and allows the United States to take action on currency manipulation.",1,0
23,1374373,/921795260438675456,Kicked off the weekend at Lakeview High School's GROWCommunity Gardens Event! ,1,0
24,2703911,/1438015971671875585,"All of us have things we care about and reasons we wanted to serve on this important committee, my amendment attempted to reign in spending if inflation was too high- to prevent causing a further spike and wreaking havoc on our economy- denied.",1,1
25,2205481,/1142123558216306688,"Directly conveyed my problem with Trump's trade wars to USTR Lighthizer:""He has a temper tantrum and reacts with tariffs that hurt us more than he hurts the people he's trying to punish. It reminds me of the child that gets so frustrated that he starts destroying his own toys."" ",1,1
26,1610394,/993548447075749888,"#NetNeutrality repeal has small business owners, like Katie, concerned. I sat down with her last week to hear what it could mean for her business. Katie says that if repeal isn't reversed, ""it would really be a stifling situation for us."" Now, Dems need #OneMoreVote to save it. ",1,1
27,3092411,/1540346223906938881,Today’s ruling is the dangerous culmination of Republicans’ decades-long effort to roll back women’s freedoms and control their health care decisions. This ruling is a distressing and shameful step backwards. Democrats will fight like hell to protect women’s rights.,1,1
28,24979,/436624539381137409,Working on sanctions bill to support Ukrainian people. There must be consequences for those perpetrating violence against peaceful citizens,1,0
29,881733,/809412668629073921,The #UN Arms Trade Treaty is DOA in Senate. Pres-elect Trump should trash this dangerous treaty for good.  #UNATT #2A,1,0
30,1918719,/1116321569079427072,"The United States faces a serious national security threat and a humanitarian crisis at our doorstep. This is becoming as dangerous for us as the Syrian Civil War has been for Europe, Israel, and Jordan.",1,0
31,2152852,/1125412927975116800,I support the President’s actions to counter the most recent Iranian threats. The mullahs in Tehran cannot be partners in peace so long as they are preparing to attack American troops and supporting the terrorists who fired hundreds of rockets at Israeli civilians this weekend.,1,0
32,2008570,/1100774539129208834,We should all be on the side of secure elections. Kicking off #FSGG @HouseAppropsGOP hearing this am on election security. You can tune in here: ,1,0
33,55414,/532963221297459201,"@John_Yuma To defeat President Obama's agenda to kill energy development, Senator Landrieu must be defeated.",1,1
34,1718595,/1182687778045353987,"I urge the American people to review our findings, because these attacks strike at the heart of our democracy. We can spare no effort to protect ourselves in 2020 and beyond, and I won't stop fighting to secure our elections.",1,1
35,1360229,/845000381377712132,#TBT Ryan & @GOP members keeping their word on destroying the health care system: ,1,1
36,2729574,/1552395652197482501,Preventing the CCP from meddling in our supply chains is an urgent matter of national security. My bill will ensure that government data is not used by an adversarial regime to disrupt our economy.,1,0
37,3242361,/1492229573387370500,"The often-used quote ""Those who don't learn from history are doomed to repeat it"" is once again appropriate when assessing Russia's threats against Ukraine. China also continues to threaten Taiwan. Our nation and the ""Free World"" must show strength against these global bullies. ",1,0
38,3232250,/1591532397535055872,Just a reminder that widespread voter fraud does not exist. It is a lie that Republicans tell to undermine American democracy.,1,0
39,2466238,/1255163164746043394,"The US already has a monopoly problem. In industry after industry, consolidation threatens our markets, economy, & democracy. We won’t let giant corporations take advantage of this crisis so the rich & powerful get richer & more powerful, while everyone else gets left behind.",1,0
40,3030610,/1556362810879344643,It’s an insult to the intelligence of North Carolinians when politicians like President Biden and Governor Cooper claim that raising taxes and spending $740 billion on their far-left priorities will actually reduce inflation and stop the Biden recession.,1,0
41,2822527,/1374027899066531852,"From day one, President Biden has focused on policies that harm the working class in favor of progressive open borders.",1,0
42,1189386,/846815853056327680,Dismantling the #CleanPowerPlan endangers families & our planet. Trump is prioritizing corporate profits over the wellbeing of the people.,1,0
43,3116664,/1420097415944851457,This situation is totally out of control. The open border policies of this Administration are absolutely disastrous for America. ,1,0
44,2575384,/1448294957744263168,The climate crisis is one of our biggest national security threats.The safety of our soldiers and our country is at stake — we must #ActOnClimate.,1,0
45,1194639,/817547680385761280,.@realDonaldTrump is undermining #nationalsecurity by creating a schism with our dedicated intelligence community ,1,0
46,2097821,/1267964649078652934,Imagine if the President of the United States — the so-called leader of the free world — held a strategy session to plan how to violently attack Americans exercising their right to peacefully assemble.You don’t have to imagine. It happened.Take a moment to let that sink in... ,1,0
47,1489182,/915283119229587457,"Being an entrepreneur is about a dream, it’s about thinking you can change the world",1,0
48,2219961,/1267626575622737920,It’s “don’t tread on me” unless the protester doesn’t agree with you or the journalist witnesses it. It’s “states’ rights” unless the governor doesn’t agree with your policy of using the army to crack skulls.,1,0
49,1770828,/1257425317192511488,"Smart piece worth your time. It's not enough to support our small businesses, we need to rethink the support structures we've created to help the real drivers of our economy. ",1,0
50,2101917,/1321802332762497027,The economic reports today outpace the projections. America’s economy is roaring back! We are fighting to ensure businesses stay open and America’s families are getting back to work.We will defeat and overcome this virus!  ,1,1
51,2008619,/1085299426573340672,"As Republican Leader of the Financial Services Subcommittee, I look forward to continuing to work with the Trump administration to slash harmful regulations, streamline outdated agency processes, and free families and businesses to achieve their dreams.",1,1
52,2857668,/1408216873561432069,The bipartisan infrastructure agreement announced earlier today provides the long-term capital investment we need to strengthen our economy and make it more efficient and more productive for decades to come.,1,0
53,1771802,/1110883698562478080,It's important to remember that we can come together - as Democrats and Republicans - to kick dark money out of our politics and put power back in the hands of the American people.,1,1
54,1971852,/1250848898626678785,"I think about Liviu Librescu every year on this day. His story breaks my heart. He knew better than most the danger of being bystanders. In his memory, let us resolve not to stand by as the scourge of gun violence continues to ravage our country. ",1,1
55,2170472,/1309545756722966528,"From Day 1 our democracy has been under assault from the cronyism and corruption of the Trump Administration. Whether it's soliciting foreign interference in our elections or abusing his power for personal gain, Trump continues to #FailThePeople every day. ",1,1
56,2265649,/1179081636245331969,"(1/3) The Chinese people have endured 70 years of violence, censorship, & oppression since mass murderer #Mao founded communist tyranny in #China.",1,0
57,1727282,/1243248451602841600,"For too long, the #Maduro regime has subjected the #Venezuelan people to instability & poverty & aided efforts to destroy American communities through the illegal drug trade. I applaud the @TheJusticeDept actions in holding Maduro & his partners accountable. @HouseForeignGOP",1,1
58,2731834,/1503466234272272385,"During Biden's SOTU speech, he looked the American people in the eye and stated, ""we need to secure our border,"" but behind their backs, he's fueling the border crisis with policy decisions like this.By allowing unaccompanied minors into the nation, you are fueling this crisis. ",1,0
59,2690579,/1497994866625818629,"The state-owned Russia Today and Sputnik, as well as their subsidiaries will no longer be able to spread their lies to justify Putin’s war and to saw division in our Union.” ",1,0
60,2659499,/1452646569187098627,"Whether it's at the grocery store or the gas pump, Montanans are feeling the sting of sky high inflation every day. @JoeBiden and the Democrats’ policies are making it worse & adding fuel to the inflation fire. Unacceptable.",1,1
61,1401501,/1053380339484241920,What signal does he send to autocratic rulers around the world like MBS & Vladimir Putin when he continually questions the legitimacy of the press & invites violence against them? Trump doesn't care that his marketing game is a deadly message delivered by the American President.,1,0
62,1217389,/817505611306897409,"There must be consequences for Putin's attack on our elections -- and the first step is allowing for a full, indepen... ",1,1
63,2896892,/1526632674273677312,"I firmly believe it is our duty to make tomorrow better than yesterday. Our future generations depend on it. But what this Congress and this Administration have done is made America poorer, more dangerous, and financially fragile. ",1,0
64,1380031,/989230508331749376,"""The US government's budget deficit is about to explode — and the Trump tax law and spending surge is to blame."" ",1,1
65,2392585,/1218665620230660097,"To address the climate crisis, America must lead the world in developing alternative energy sources, investing in clean transportation infrastructure, and engaging with countries around the world in the fight for our planet ",1,1
66,2403440,/1295807833183748097,"Raising the alarm about the postal service!From today’s Newsday, more on how the recent cuts, slowdowns, and removal of equipment at the USPS is hurting our lives, livelihoods, and democracy.",1,1
67,2017455,/1249675772287205378,Imagine what the world would look like if Communist China had not tried to cover up the coronavirus. It could have been contained. Lives could have been saved. Businesses could have stayed open.China’s lies changed the course of history.,1,0
68,2313852,/1154421287198089218,"As Chair of the House Appropriations Subcommittee on Energy & Water, I know Ohio is capable of leading the U.S. in meeting our nation’s future energy demands. State GOP lawmakers just severely undermined that effort by passing House Bill 6. ",1,0
69,3090204,/1540034301768728576,The City that I have called home for my entire life is in the midst of a gun violence epidemic. Today's radical Supreme Court ruling will lead to more bloodshed and death.  Putting  more guns in more hands in more public spaces is NOT the solution. ,1,1
70,2070986,/1294391651197214720,Even if you’re a hardcore conservative Republican how can you justify the President intentionally dismantling the postal service to make it harder for people to vote? He admitted it. What sane person sees that and thinks it’s ok?,1,0
71,2527655,/1456342048169148422,The Chinese Communist Party:is weaponizing new technologies to consolidate their rulecan now track the Chinese people’s every movement with facial recognitionis committing genocide against their own people.,1,0
72,1847935,/1314656947845697537,"The #ACA was my proudest vote. Now, the Trump administration is trying to strike it down, and threaten the healthcare of millions of Americans during a pandemic. We need leadership that advocates for healthcare for ALL Americans.",1,1
73,2193591,/1190023500595154944,"I applaud @CTULocal1's teachers for achieving better pay, smaller class sizes, and more nurses and social workers in Chicago's schools. This is what solidarity is about—fighting for the whole community.  When workers stand together, I have no doubt we will transform America. ",1,1
74,3047431,/1375521037832568832,"Infrastructure is one of the few things government should do—and should do well. We need targeted investments that move our country forward, not a multi-trillion-dollar Green New Deal that would bankrupt America. ",1,0
75,1220093,/1046042716424015872,Today the @CincinnatiReds and cancer survivors will come together to “Knock Cancer Out of the Park”. Watch at the end of the 5th inning as the players & cancer survivors take the field to display signs about why they want to knock cancer out of the park. #SCTop10 #RedsCountry,1,0
76,757941,/609075652998918144,"#TAA supports workers who see their jobs destroyed by trade, but bill on the floor doesn't guarantee people on Medicare won't pay for it.",1,1
77,3024330,/1448296167859752971,Inflation is SURGING. Democrats' out-of-control spending is to blame.This is Joe Biden's economic crisis.,1,0
78,1850482,/1267563263614685185,"During a worldwide pandemic, economic distress caused by COVID-19, & political unrest, Congress should be in D.C. doing the job we were elected to do. While our country is being torn apart by riots, @SpeakerPelosi is obstructing Congress instead of opening up the People’s House. ",1,0
79,1331425,/1020363955431256074,"This year marks the 44th anniversary of the illegal occupation of Turkish troops in Cyprus, a strong U.S. ally.  I call on Turkey to remove its occupying force, cease its inflammatory rhetoric, normalize relations with the Republic of Cyprus, and commit to peaceful coexistence.",1,0
80,1451532,/816307798388645888,I'm deeply disturbed that Republicans decided to start the new Congress by effectively destroying the Office of Congressional #Ethics,1,1
81,3047847,/1458148094772662281,"I’m proud to see my friend and colleague, @LynnFitchAG, lead Mississippi in a stand against Biden’s unconstitutional and unlawful vaccine mandate.Mississippians won’t watch bureaucrats try to demolish our jobs and take our freedoms without a fight.",1,1
82,2848172,/1382466389856956416,"Public lands and waters should serve the PUBLIC, not be exploited to make fossil fuel polluters rich. With the #KeepItInTheGround Act, we can cut off the spigot to Big Oil on our public lands and in our public waters, address the climate crisis, and protect the Jersey Shore. ",1,0
83,2821613,/1494021126523170824,"The real reason Washington Democrats want to abolish the debt limit is to get rid of any obstacles standing in the way of their radical agenda. If they’re successful, it will give them a huge runway to spend as much as they want, only making the inflation crisis worse. ",1,0
84,1840409,/1176524889609646082,"Big tech companies are the largest, most powerful companies today—with enormous resources and advanced algorithms they can use to help them moderate content. These companies shouldn't receive a government subsidy free of any responsibility.",1,0
85,1840410,/1176524820776935424,"Big tech companies are the largest, most powerful companies today—with enormous resources and advanced algorithms they can use to help them moderate content. These companies shouldn't receive a government subsidy free of any responsibility.",1,0
86,957623,/613378530492219392,Must read post from the Speaker's office on how we are fighting back against the EPA's overreach & War on Coal ,1,1
87,857057,/672872558765690880,"Until we destroy this cancer, ISIS will remain a threat to freedom & decent society around the world. Inaction is not an option.",1,1
88,1244148,/986259945921351680,"Today is #TaxDay, which is a good reminder that the #GOPTaxScam ultimately raises taxes on 86 million middle class families, gives 83% of the tax cuts to the wealthiest earners, hands a $1.3 trillion tax break to corporations, and explodes the deficit by nearly $2 trillion.",1,1
89,1985276,/1192882016649457664,Today is 30th anniversary of fall of Berlin Wall. This is a time to commemorate that historic moment & commend our leaders from Harry Truman to Ronald Reagan who stood strong through long Cold War. Special credit to President Reagan whose defense buildup broke the Soviet Union.,1,0
90,661293,/673622446067597312,@Amelia98 how about presenting Ur argument rather than verbally punching someone for disagreeing with you,1,1
91,2193252,/1224418121890574339,"A Green New Deal to defeat humanity's common enemy, climate change, is far cheaper than the cost of doing nothing. ",1,1
92,3176960,/1601325448042274816,"Rep. Gallagher on his vision for the Select Committee on China: ""I think a lot of what we can do is to explain the stakes to the American people, explain why we need to understand who we're dealing with in the form of the CCP, and why we're in the early stages of a New Cold War."" ",1,0
93,1605199,/832341746294063104,Policies that demonize entire groups of people based on the God they worship have a way of conjuring real life demons.,1,0
94,1374832,/969622659607810048,"Race to the bottom, #tradewar: Call it what you will, the spiral will eventually harm everyone, the United States & its metal industries very much included. ",1,1
95,1704020,/1303363301787807756,"Actions speak louder than words, @SpeakerPelosi. It’s easy to say you’re looking out for the American worker, but at the end of the day, you would rather attack a single mom hair salon owner than apologize for your hypocrisy. ",1,1
96,3174608,/1422335150491242498,Housing is a human right. Period.,1,0
97,2771602,/1440401483837542405,"Where was the call to halt Russia’s predatory energy policies, to call out Vladimir Putin’s domestic crackdown on Alexei Navalny and other opposition leaders, and to end Putin’s malign behavior against Europe? #UNGA",1,0
98,2995864,/1390696628064030724,The Biden Administration’s wasteful spending is harming our economy. U.S. sees massive miss on April jobs report as unemployment rate ticks back up ,1,0
99,2714615,/1431369736286347268,Yesterday was a tough day. A day that should have and could have been prevented. A day that marked the greatest single loss of life our American military has suffered in ten years.,1,0
100,2747776,/1542857209847103489,“The Biden administration on Thursday delayed the rollout of a proposed five-year offshore oil and gas development plan that had been promised by the end of the month.”Biden’s refusal to unleash American energy continues to devastate our economy. ,1,1
101,2770741,/1479158800204587013,A desperate and irresponsible power-grab that would destroy the United States Senate. ,1,1
102,3192560,/1529801786130780160,The SEC's proposed ESG rule will create immense hardship for our American farmers. Out of touch and unelected bureaucrats in D.C. should not be imposing crippling regulations on our farmers.,1,1
103,3234452,/1440719886729183233,Citizens United is corrupting our democracy and flooding our elections with dark money. I'm proud to reintroduce the Democracy for All Amendment with @SenatorShaheen and @SenatorLujan to overturn Citizens United. ,1,0
104,2211388,/1311311950517805057,"While the left tries to Defund, Dismantle and Destroy our country, I'm committed to Restoring, Rebuilding and Renewing the America we love.RESTORE your way of lifeREBUILD the greatest economyRENEW the American dream#CommitmentToAmerica  ",1,1
105,1551159,/857955160445919232,"Addressing growing threats abroad will require effective diplomacy, not just military power. These cuts put our safety & interests at risk. ",1,0
106,989778,/674974940689494016,"Rather than stripping citizens of their constitutional liberties, we should have a clear strategy to defeat ISIS. ",1,0
107,1907887,/1096565788150910976,My heart breaks for Aurora today. I’m grateful to the first responders on the scene. We simply cannot continue to respond to the epidemic of gun violence with inaction.,1,0
108,2262969,/1297257567123644416,"For THREE years, I warned the American people & my colleagues that this president was a threat to our democracy. Yet here we are today, voting on a measure to save the Postal Service, because it is being sabotaged by a desperate president in order to cheat in the 2020 elections. ",1,1
109,1163424,/1024719408097320960,"By letting junk plans proliferate, the Trump Administration is setting working families up to pay more and get less. Yet another act of #ACA sabotage that Americans will have to pay for ",1,1
110,2135648,/1332474409026785280,I fear that we are at the brink of war with Iran. Iran’s chief scientist is assassinated and multiple sources attribute the murder to Israel. Did POTUS give his approval?,1,0
111,2257817,/1242203847998803970,"ICYMI:  Rogers on Pelosi Putting Politics Ahead of American Families ""Pelosi is more obsessed with putting her extreme liberal political wish list together than helping American families across our country who are struggling during this world crisis.",1,0
112,2289448,/1288213936794480640,It’s very concerning that Facebook has labeled information about climate change as “opinion content.” The fact that the climate is changing is based in science. There shouldn’t be any doubt about the need to confront this crisis. ,1,0
113,2112188,/1288489253530460161,"Finally, I must note that the Helms Amednment is deeply rooted in racism. It stems from a history of colonialism and white supremacy in Black and brown communities.",1,0
114,1991886,/1288540697239392256,Being poor is not a sin but going out of your way to remove protections and push people down when they are already struggling certainly is. ,1,0
115,1941044,/1312000809505357825,"(2/2) Please continue to follow the CDC guidelines of washing hands, wearing masks, and practicing social distancing. I know the American people will beat this virus - together.",1,1
116,2793160,/1601250308495409152,"Wages aren't keeping up with the cost of living in this country, while corporate monopolies rake in massive profits and raise prices on food, gas, and basic needs for families.Enough is enough. It's time to rein in corporate greed.",1,0
117,2171378,/1176968398439354370,"Our toothless labor laws have been exploited to deny workers the right to organize. Unions are the foundation of America’s middle class & the #PROAct will protect workers’ right to stand together and negotiate for higher pay, better benefits, and safer working conditions. ",1,0
118,782791,/618797269370994688,"Any #IranDeal that's not accountable, enforceable, & verifiable is a bad deal. And the Obama administration must not strike a bad deal.",1,0
119,2801755,/1528753743075885056,"""Russia's brutal invasion of Ukraine is going to cause a lot of folks to reevaluate whether freedom is worth fighting for and whether freedom must be fought for. Ultimately, I believe they will conclude that it's worth the fight.""",1,1
120,1377381,/1002637051773235202,"A year after Trump withdrew America from the #ParisAgreement, @NASA warns that climate change will result in more extreme weather events.  We must stand with the scientific community and the rest of the world to #ActOnClimate. #StillIn",1,0
121,1486465,/825132024138711041,"We are a country of immigrants & refugees, of people fleeing religious persecution & seeking freedom, a country made strong by diversity.",1,0
122,2522612,/1508475738139340808,"This morning, the White House released President Biden’s $5.8T budget.  As expected, this budget will worsen inflation, include billions of dollars in wasteful spending, and increase taxes on ALL Americans. ",1,0
123,2270150,/1303341208429883394,"Strange that Mitch doesn’t mention that he and the Trump administration were the ones trying to kill @StarsAndStripes, defunding it both in Trump’s Budget proposal and the Senate-passed NDAA. ",1,1
124,2481516,/1161340375262486528,"I was honored to join @RepTerriSewell in a letter opposing the Trump Administration's disastrous rule that would kick 3.1 million people off food stamps, including taking free lunch away from 500,000 underprivileged kids. No American should ever go hungry! ",1,1
125,2988829,/1574490188558090242,"Republicans’ #CommitmentToAmerica is an economy that is strong. That means curbing wasteful spending that feeds inflation, ensuring the production of American energy to drive down gas prices, strengthening the supply chain, and expanding US manufacturing. ",1,0
126,1649238,/836615480010031105,Tenemos un presidente que esta atacando a la comunidad inmigrante. Sus aciones ejecutivas son anti-inmigrantes y an... ,1,NA
127,2869140,/1404469617951641610,"There are Americans out there angry about paying 4% more for a burrito at Chipotle, but are fine with the fact that many of our service industry workers are living in poverty.They should remember that a solid economy is built from the ground up. That starts with a living wage.",1,0
128,1250834,/1032022634010165248,"It is absolutely clear that carbon-based emissions have us on a path to destroy our planet. We need to get off our dependency on carbon, not promote it. By gutting the #CleanPowerPlan, step by step the President is pushing us in the wrong direction.",1,1
129,640967,/745650683886575616,"ICYMI: Fed Chair Yellen agrees, Trump's economic plans are dangerous and would drive our economy off a cliff. WATCH ",1,1
130,2771292,/1453190968124002305,"If it were indeed true what Joe Biden says—that this $3.5T tax-and-spend spree costs nothing—then why is it so hard to negotiate? This is going to be a massive increase in taxes on the American economy, and we’ve already seen the inflationary impacts of it. ",1,0
131,3196131,/1454118854683205636,"As I told Sec. Austin, this misguided vaccine mandate is putting America’s military readiness at risk.",1,0
132,1814926,/1204894779290669056,This has become the new normal under the Trump presidency.His words and actions have fueled hate and violence in America. ,1,0
133,3249857,/1573330057464090627,"Two years ago, Democrats gained full control in Washington. Two years later, their policies wrecked the economy and we have record high: inflationfood pricescrimeIt’s time to change leadership and focus on:economyeducation security #CommitmentToAmerica ",1,1
134,1291582,/1025422713807097856,"The Trump Admin's proposal to roll back Obama's fuel efficiency and emissions standards is reckless and is another direct attack on New Jersey. Their logic for this proposal defies logic, and I will work in Congress to put a stop to it.",1,1
135,142472,/508102489917239296,_________ _____ _______ __ ___________ _______,1,NA
136,3195841,/1511454807923511296,"Europe can’t stop buying Putin’s oil and gas until the U.S. helps Europe fill the gap. To win this war, Pres. Biden needs to take his boot off the neck of our oil and gas industry. ",1,1
137,1231034,/997526505629667329,"My statement on the failed #GOPFarmBill: “It remains appalling that House Republicans disregarded the destructive nature of this Farm Bill and were willing to give @SpeakerRyan one last shot at taking food from the most vulnerable Americans."" ",1,1
138,3198059,/1430306744757071873,The budget framework that Democrats' deemed passed today is nothing more than a blank check for the Biden Admin to enact a far-left agenda & expand the federal government’s role in our lives. It will impose major tax and debt burdens on future generations. ,1,0
139,3266686,/1536459645774086146,The numbers don’t lie. President Biden’s economic policies and reckless spending have created the inflation crisis that is forcing Americans to tighten their budgets. ,1,0
140,1236379,/997144140268830722,"Rather than moving the needle of our country’s food system in a direction that promotes sustainable farming practices, emerging local and organic farms, urban agriculture, conservation practices, and specialty crops, the #GOPFarmBill takes us backwards. ",1,0
141,1662806,/1068608103845908481,President Trump and his cabinet officials have given these companies the green light to destroy wild life and fisheries without concern.,1,1
142,1748191,/1301986564256522242,This propaganda is no better than the racist rhetoric that comes from the President.The hatred he incites has consequences. It exacerbates division and it fuels violent extremism.We need to zero out the @DHSgov communications budget  and redirect that money to body/dash cams.,1,0
143,3046865,/1370081964292763648,"Today, the House passed H.R. 8. This bill is something I would expect from a totalitarian government, not the U.S. It's is nothing short of an assault on your #SecondAmendment rights. ",1,1
144,198127,/430839182039076865,"Facts matter: No, CBO did not say #Obamacare will kill 2 million jobs ",1,1
145,332430,/430860567067115520,"Facts matter: No, CBO did not say #Obamacare will kill 2 million jobs ",1,1
146,2781751,/1562516201427075072,"This announcement will help many Georgians, some of whom have been struggling with debt for decades, get their financial footing, and it will help keep our economy strong and growing.",1,0
147,3106287,/1405220431737626629,I applaud President Biden for sending a strong signal to Russia that cyberattacks and interference in our democracy and democracies around the world will not be tolerated. This is what a strong American leader looks like – unlike his predecessor. America is back.,1,0
148,3047458,/1366861585269084160,The so-called “For the People Act” would gut commonsense voter ID requirements and permanently compromise the integrity of our elections. ,1,1
149,2487384,/1389990400157421568,VP Kamala Harris went on a road trip – not to the southern border where she is presiding over a crisis – but to Wisconsin to tout the Administration’s latest infrastructure plan. Their plan to pay for this proposal? Cut jobs and raise taxes.,1,0
150,33453,/434717680311230464,"“Ignorance, allied with power, is the most ferocious enemy justice can have.” - James Baldwin ",1,1
151,1989233,/1228026513083305984, STRENGTHENING COMMITMENT TO UKRAINE: We need to repair our relationship with Ukraine and protect it from being used as a political football.,1,0
152,3232614,/1529900450560061443,I’m not afraid to say it: the @NRA and @GOP are letting children die. It’s time we fight back and reinstate the assault weapons ban. I’ve taken on the the gun lobby and won. It’s time we do so again. Our children are more important than a gun manufacturer’s profit margins.,1,1
153,1653118,/948590998560665600,"New York’s business climate is one of the worst in the nation. New York residents continue to flee seeking lower taxes and more jobs. In his State of the State, I hope Gov. Cuomo recognizes the need to reverse this trend.",1,0
154,2486868,/1584960812749578240,Biden's desperate pivot to claiming Republicans will crash the economy makes little sense. Americans see through this and are ready for change.,1,1
155,1971454,/1083881354415300611,"This immoral, unconscionable action would devastate seniors, individuals with disabilities, hardworking families and children. We will mobilize like we did when Republicans tried to push their health care scheme through in 2017 and we will win.",1,1
156,2325917,/1275176944016003073,Homegrown rightwing domestic terrorism represents one of our gravest threats. It is here. It imperils every community in America. These extremists are using violence and murder to terrorize the nation. That makes them terrorists. ,1,0
157,2134417,/1169278380849664000,"“One little boy, about 7 or 8, was separated from his father and did not know why... He believed that his dad was killed and he would also be killed.” The trauma this administration is causing is unimaginable. We must continue to fight this. #DontLookAway ",1,1
158,2539409,/1371447161175617537,"The worst thing we can do to stand up to China is to keep our athletes home.As anyone who has ever faced down a bully knows, when you decide to hide and not to fight, the bully wins. ",1,1
159,1151354,/860141169191399424,"#TrumpCare would kick 14 million Americans off of Medicaid – harming children, seniors & people with disabilities. ",1,1
160,2010960,/1126552735065808897,"For the past two years, the Trump admin has relentlessly sabotaged the #ACA and attacked my constituents’ health care.These destructive policies will force the American people to pay more money for less coverage. I’m proud to stand up against the president to #ProtectOurCare. ",1,1
161,3082593,/1410311531527651333,"#Pittsburgh, in conjunction with universities like @CarnegieMellon, are leading the world in robotics development. It's this innovation that will help our city become a better place to live as it continues to grow the local economy.",1,0
162,1963325,/1083477542227578881,"The idea that the president is considering declaring a national emergency to steal funding from the DOD would be the height of irresponsibility and would hurt our military readiness, making us more vulnerable.",1,1
163,2895792,/1512093378959360008,"The Strategic Petroleum Reserve is at its lowest levels since the 1980s, and President Biden wants to release a million barrels PER DAY to try and put a band-aid on his bad domestic energy policy. He’s setting us up for an even bigger crisis down the road.",1,0
164,1375104,/857312295235596289,"#NetNeutrality is the principle that internet content shouldn’t be favored, blocked, or slowed down based on where it’s coming from.",1,0
165,2742027,/1522974552917168130,1. The baby formula shortage is another terrifying example of the fragile state America is in.Farmers are in serious trouble too.Food security IS national security.More big gov bailouts are only bandaids that can’t stop the hemorrhaging of our critically injured economy.,1,1
166,3008897,/1346278085512015873,A group of Republicans has decided their political ambitions and Trump’s conspiracy theories are more important than our democracy and the will of the American people. This anti-democratic assault should be met with an outright rejection from all Americans.,1,1
167,2378601,/1255882393858314240,"The CCP is using this crisis to spread disinformation and sow discord throughout the world. But why does this matter, and what will the impact be on the geopolitical landscape once the dust settles? @TomTugendhat and I discuss this and more on this week’s NEW Look podcast. ",1,0
168,2997415,/1415741990046740480,Big Government is colluding with Big Tech to censor speech.We have to break up Big Tech’s monopoly power.,1,0
169,886300,/776472241500459008,"@persiancowboy getting out isn't the main issue. It's who will come try to get in, putting a target on an American community.",1,1
170,3007755,/1430623192851357698,Today is the 4th anniversary of the start of the Rohingya genocide. It is past time for the Biden administration to call this atrocity what it is: genocide. We must demonstrate leadership to make clear that gross human rights abuses will not be tolerated. ,1,0
171,2896635,/1366906544445681672,"Innovation is inherently speculative. If we dismiss it, we miss it. And another country will become the beneficiary of financial innovation, diminishing America’s place in the world. ",1,0
172,2965482,/1582073161092567041,The Russian Federation must be held accountable for its murderous and destabilizing invasion of Ukraine which has affected the entire world. Grateful to co-lead this bill calling for a Special Tribunal which is critical to bringing any semblance of justice. ,1,0
173,1299337,/1008355192276996096,“The Trump Administration just can’t stop sabotaging Americans’ health care...[and] undermine the law in ways that would reduce access and raise rates.” Rick Scott & Bondi should NOT be suing to end vital protection for pre-existing conditions for 7.8M Floridians! #ProtectOurCare ,1,1
174,1319160,/1074494831265792000,"In moments of great darkness and division, we need to come together to fight for what is good and right in the world. To restore unity. To fight for fairness and justice. To remind one another that we have always believed in the golden rule. ",1,1
175,2068719,/1158735438846353408, ,1,NA
176,2770678,/1481778973826764803,"If true, @POTUS will weaken U.S. extended deterrence & credibility as key rivals—China, Russia & DPRK—are rapidly expanding & modernizing their nuclear arsenals. The U.S. needs a wider array of nuclear capabilities to sustain & strengthen deterrence. ",1,0
177,2344787,/1199051491031625728,"""And I did say to him...I think this is all going to blow up. And here we are.""-Dr. Fiona Hill #DefendOurDemocracy ",1,0
178,2730678,/1371544647999361025,Chúng tôi ch_m d_t s_ _nh h__ng và tuyên truy_n c_a Trung C_ng t_i h_c ___ng. Chúng tôi hãnh di_n __ng b_o tr_ d_ lu_t này v_i @RepStefanik __ d_p tan _nh h__ng c_a Trung C_ng #CCP. ( Translation: We put an end to the influence and propaganda of the Chinese Communist Party (CCP) in schools. We are proud to co-sponsor this bill with @RepStefanik to eliminate the CCP's influence. #CCP),1,NA
179,2036026,/1288481163615571969,"Turkey’s new social media law is a dangerous escalation in Erdogan’s assault on free speech. As more countries follow the China model of repression, social media platforms must decide if they’re willing to be complicit in government abuses.",1,1
180,1299214,/1016494535504027655,Trump #SCOTUS nominee is far outside mainstream. Our hard-fought civil rights are at risk. Hard-working Americans are poised to lose more ground to corporate special interests ... unless citizens embrace responsibilities & speak out... as we did with our health care.,1,1
181,2737007,/1537458363914756096,"At a time when Americans are paying more for everything—gas, groceries, and beyond—the radical Left wants more regulation. More government getting in the way of businesses' abilities. A big, one-size-fits-all, spend-into-oblivion approach won't work and we know it. ",1,0
182,2637555,/1597610237757997056,"The Chinese Communist Party assaults, arrests and hauls off journalists for shining a light on Xi’s brutality. This is what actual oppression looks like.  #ChinaProtests ",1,0
183,2783015,/1445124636245692433,"Climate change isn’t peachy.  Our Georgia peaches aren’t just iconic and delicious—they provide a way of life for so many of our farmers and farmworkers, giving a boost to our agriculture economy. The time is *now* to act boldly to build an ecologically-sustainable future. ",1,0
184,2743193,/1550481289714827265,The Biden administration continues to reduce American energy production. When will it realize that resuming American energy production is the easiest way to fix gas prices?,1,0
185,3266793,/1529983220732657666,"The #BidenGasHike could soon get much worse!Democrats continue to target American energy production and it is causing American families pain at the pump. By August, gas prices could hit $6.20 per gallon nationwide. ",1,1
186,2108533,/1268943481004793858,Even with the tyrannical lockdowns the American economy still finds a way to succeed,1,0
187,647036,/611957223544233988,"Happy #Juneteenth! 150yrs ago today, the end of slavery in the US began. #EmancipationDay. A reminder that we must always stand up to hatred",1,0
188,2677547,/1387592754285453313," Candidate Biden promised to ""Build Back Better"" but President Biden’s first acts were to cancel the Keystone XL pipeline and strangle American energy development on public land.",1,1
189,341424,/387545977873514496,"@ginoque @politico @JakeSherman actually, it'd hurt the whole country and potentially destabilize the global market. Time to stop the games.",1,1
190,2323237,/1143166387336228865,"For years, social media companies have told consumers that their products are free to the user. But that’s not true — you are paying with your data instead of your wallet. You should have the right to know what that data is worth.",1,0
191,476195,/395616489346461697,Chairwoman Stabenow Kicks Off Final Phase of Effort to Pass Bipartisan Farm Bill ,1,0
192,2422389,/1270366289098391552,The radical left's vision for our country is terrifying.,1,0
193,2500962,/1557397461978828800,"I’m grateful to have joined @FP4America discussion focusing on NATO Expansion and strengthening the Atlantic alliance in the wake of the Ukraine war. While the current state of our world can be alarming, fighting for democratic values should not be the burden of just one nation.",1,1
194,2142412,/1208183896757559297,How the Trump Tax Cut Is Helping to Push the Federal Deficit to $1 Trillion ,1,0
195,2770638,/1483885529099870212,"Democrats in the Senate need to focus on the real problems facing the American people like inflation, energy prices, supply-chain disruptions, and record illegal immigration—not their outright power grab to destroy the Senate and silence millions of Americans.",1,1
196,3047575,/1547977382551638016,"Democrats in Congress’s entire legislative agenda has become killing babies, using the treasury as a crutch instead of fixing our economy, and stripping you of as many Constitutional rights as possible.",1,0
197,2467128,/1169710845259108353,"Toys “R” Us. Sears. Radio Shack. Payless. Shopko. Private equity firms are killing jobs, hurting workers, & draining our economy. I’ve got a bill to #StopWallStreetLooting – & I’m in this fight with @forrespect all the way. ",1,1
198,2741902,/1528803695592411137,What will kill you first?,1,0
199,2795009,/1463210758582513672,"From our power grid to the crops we grow to our Thanksgiving tables, no area of American life will be spared from climate change. That’s why it’s critical that we pass #BuildBackBetter and reduce greenhouse gas emissions that drive climate change. ",1,0
200,2960298,/1570137629655433217,"Republicans have made it clear that their crusade to criminalize reproductive care was never about states’ rights.It’s about controlling women’s bodies.If Republicans take control in Washington, they'll do what they say…they'll decimate reproductive freedom in all 50 states.",1,1
201,2770319,/1496908763256832006,President Biden’s strategy to prevent Russia's invasion has failed. He must now recognize the gravity and severity of this moment and do everything in his power to protect the safety and security of the American people.,1,0
202,2332760,/1217464744757559296,"Even though there are more auto jobs in Mexico today, the number of auto jobs in the United States is about the same as in 1994 – there are just more auto jobs in the Southeast. In 1980, there were only three automotive assembly plants in the Southeast. In 2018, there were 16.",1,0
203,2496341,/1351867610703523841,"Today is the passing of power to @JoeBiden, who is completely fit and prepared for this office.I’m looking forward to this moment. Not just to see the transfer of power, but to get to work on crushing this virus and taking on the other big challenges we face. #Inauguration2021 ",1,1
204,3028859,/1360696472342306821,Our Capitol was attacked. The electoral will of the American people was assaulted. Our democracy was threatened.They wanted to assassinate our Speaker and Vice President.Huge numbers of law enforcement officers were injured. Three died.This happened because of Donald Trump.,1,1
205,2203987,/1232319252914491392,"Trump's trade wars are helping fuel a catastrophic rise in farm bankruptcies and doing major economic harm.He responded with bailouts, which Republicans previously called ""socialism."" They've cost taxpayers more than twice as much as the auto bailout. All self-inflicted damage.  ",1,1
206,2037216,/1169979811051315200,"The Rohingya fled a campaign in Burma to erase their existence only to face a campaign in Bangladesh to erase their experience. Indonesia, Kashmir, Bangladesh: there is a disturbing trend of the most vulnerable populations in Asia being silenced with communications blackouts. ",1,0
207,1160629,/913432314008543232,"3.1% growth in this last quarter shows businesses are growing, strengthening our job market and economy ",1,0
208,2199276,/1129385916626362370,South Dakota’s manufacturers and ag producers have been at the tip of the spear in our #trade negotiations with China.,1,1
209,70737,/311569493170216961,The Ryan Republican budget is protecting the wealthiest at the expense of the middle class.,1,0
210,3116563,/1439942433182212106,Joe Biden's Administration has killed 3 times as many 2-year-olds as terrorists. Let that sink in.,1,1
211,997447,/581474952282509312,"However, I couldn't support a budget that so negatively impacts our economy, women & seniors & fails to solve long-term fiscal challenges",1,0
212,2963899,/1405543991517581313,The Supreme Court has put to bed another Republican attempt to kick millions of Americans off their health care. Now it's time for Congress to get to work building on the progress that has already been made to make health care in America affordable and accessible for all. ,1,1
213,1251198,/1052583247757144064,"""We cannot just sit idly by and watch our most vulnerable neighbors become collateral damage, stemming from hard-lined ideologies. Together, we stand against these changes. No one should have to choose between food and family.” #ProtectFamilies ",1,0
214,3195255,/1345863288698056708,"Democrats want to lock you in your houses, raise your taxes, defund the police, facilitate the murder of the unborn, dismantle our Constitution, open our borders, & punish any political opposition.And their leader - Nancy Pelosi was just re-elected as the Speaker of the House. ",1,0
215,735267,/763413280337567744,The @WhiteHouse has kept a foot on the regulatory accelerator even though the national economy remains in neutral ,1,0
216,2532783,/1501281126295478282,"While banning the import of Russian oil into the United States is a necessary action, President Biden must also abandon his Green New Deal Agenda & increase domestic oil & gas production to drive down soaring energy costs. American consumers should not be left holding the bag. ",1,0
217,3006580,/1526596402133991424,"In the face of rising anti-Semitism, both domestically and abroad, we should all take time to recommit ourselves to combatting hate and embracing the American Jewish community.",1,1
218,1904643,/1235299202542063616," UNHINGED _ Schumer threatened conservative justices Kavanaugh & Gorsuch on the steps of the Supreme Court:""You have released the whirlwind & you will pay the price. You won't know what hit you.""Enough. This rhetoric has dangerous consequences. Where's the media outrage? ",1,0
219,2777392,/1466896321021988865,Great meeting with @AirNatlGuard Director Lt. Gen. Loh yesterday. We spoke about the importance of full-year spending bills to ensure we can beat China. Republicans in Congress need to come to the table and stop jeopardizing our national security to score cheap political points. ,1,0
220,633026,/552826889250045952,I condemn today's attack in Paris as an attack on the essence of democracy and freedom of the press.,1,1
221,2402412,/1262779401558798338,"The Chinese Communist Party cheats, and the Holding Foreign Companies Accountable Act would stop them from cheating on U.S. stock exchanges. We can’t let foreign threats to Americans’ retirement funds take root in our exchanges. ",1,0
222,661343,/716781027352526848,"@SarniamakChris many US politicos believe no religious freedom in Russia, ignorance blocks cooperation with RU to defeat Islamic terrorists",1,0
223,326718,/471697196107444224,We need to pass #ImmigrationReform and help our economy grow ,1,0
224,389379,/413801582849830912,Cosponsored a bill to ensure the U.S. is aggressive in stopping Iran from developing its nuclear weapons capabilities ,1,1
225,3192733,/1518644350724579330,Elon Musk is helping us defeat the Big Tech overlords.Our digital public squares need to be returned to us.,1,1
226,2881506,/1501306764611842052,"Over the past few months, my heart has been heavy as I’ve seen HBCUs coming under attack—targeted by evil actors with bomb threats. Schools shouldn’t be a place of fear, but a place where dreams are realized—a place where students take that first step toward economic success. ",1,0
227,1512914,/1011062194887446534,We helped create the mess in Central America that many refugees are fleeing. It's our responsibility to help clean it up ,1,0
228,679392,/784820405316050945,We are living in a nation which worships wealth rather than caring for the poor. I don't think that is the nation we should be living in.,1,0
229,3123656,/1380902138684002304,"Our military is playing catch-up to our strategic competitors. The Chinese military is on a modernization sprint and we're crawling forward. We can't spend our way out of the problem, but we can spend too little to give ourselves a chance. ",1,0
230,2897183,/1430630603561578503,"The tax hike that will come from this enormous tax and spending bill will hit 75% of middle-class America, kill over 1 million jobs, and cut wages in half—Effectively doing the polar opposite of what this Administration has promised. Make it make sense.",1,1
231,3079324,/1415038649528373253,"We have seen modest inflation in the last few months. When you jump start the economy as quickly as we have and compare it to 2020 levels when the economy was completely shut down, prices will of course show an increase.",1,0
232,1977371,/1113509126208987137,"#TitleII is not the answer, it paves the way for a heavily regulated internet, an internet that does not protect the consumer or allow for American ingenuity to thrive. We can do better.",1,0
233,2783104,/1436866880107683846,"Today, we paused in solemn commemoration of a day that changed America forever, challenged our resolve as a people committed to freedom, and called us to renew the covenant that we have with one another as an American people, one nation under God.",1,0
234,2625440,/1553035465355411456,"Last year, drought and wildfires cost this country $20 billion, and parts of the western United States are now facing the driest conditions in over 1,200 years.Our communities are asking for help.",1,0
235,427850,/545278801660633088,I support President Obama’s decision for the United States to start a new chapter in our relationship with Cuba.,1,0
236,1168572,/961737702541594624,"Right before our eyes, Scott Pruitt is dismantling the EPA, prioritizing the interests of corporations over those of the American people, and putting the environment and our public health protections at risk. ",1,0
237,1109865,/875055116705050625,"8 months after #Russia attacked our election, it still hasn't paid a price - our amendment finally punishes Russia for this brazen attack ",1,1
238,1641014,/832314422697803776,"David Friedman's confirmation would be ""a wrecking ball in American politics & the Jewish community."" My analysis: ",1,1
239,825747,/680109202488963074,"In the spirit of the holiday season, let us renew our commitment to our fellow Americans and resolve to build a better, more just future",1,0
240,902887,/560896721056567298,#Gerrymandering that makes districts increasingly extreme on either side of the political spectrum ultimately hurts all Americans.,1,1
241,3187343,/1562638027217768448,"Today, we celebrate Ukrainian Independence Day as Ukrainians bravely fight for their continued freedom and independence. We stand with them in solidarity and in Congress, we will keep providing aid and support to stop Putin’s unprovoked war.",1,1
242,1732913,/1111699641689616386,This was always a fantasy. The taxpayers will end up footing the bill for the budget hole the president dug us into. ,1,0
243,651040,/672138794297114630,"Using tax dollars to prop up 1%ers hurts the American economy, and raises our grocery bills. It is time for reform. ",1,1
244,2523507,/1454810430262677508,This legislation will be a huge step in the right direction – but it’s just the start. We must keep working to address the serious threats of climate change by pursuing bold policies that reduce carbon emissions and protect our planet.,1,0
245,926836,/556861132913520640,The President's delay of #KeystoneXL provides China with an opportunity to out-compete the U.S. and gain access to Canada's oil supply.,1,0
246,2012386,/1162446695340417025,"I'm proud that my state of California is helping to lead the fight against Trump's cruel #PublicCharge rule which unfairly punishes legal immigrants for using the benefits they've earned. This will only lead to more hunger, and more sickness. ",1,1
247,2578032,/1590778895078686720,Democracy will prevail—no matter how hard MAGA Republicans try to attack it.,1,1
248,2806623,/1366760543642669061,This coup has now resulted in killing a number of peaceful protesters.The U.S. must remain steadfast in standing fully in support of democratic rights for the people of Myanmar.,1,0
249,2689657,/1542773581561696256,"The Russian Navy has effectively cut off shipping from Ukrainian ports on the Black Sea, stopping the flow of grain and oilseeds to the rest of the world, raising the cost of food and creating the likelihood of shortages and even famines in some countries, especially in Africa. ",1,0
250,2152875,/1123288570356281344,"@USNavy @USMC @OMBPress @SASCMajority Lt. Gen. Berger and Admiral Moran made clear that budget uncertainty, including a continuing resolution or budget sequester, could be devastating for our industrial base and our ability to fight.",1,0
251,654709,/651064621567229952,"Discussed tax reform @FoxBusiness: ""If we don't do it, we'll continue to see erosion of American biz going overseas""",1,0
252,1718714,/1145000892195905537,"By setting aggressive but realistic targets, we can mitigate the impacts of climate change and create good jobs in the process. This will create new economic opportunities, and fulfill our responsibility to preserve this world for the next generation. It’s the right thing to do.",1,0
253,1446685,/1049730307899953155,"At a time when the world is facing record heat waves and droughts, wildfires and hurricanes of unprecedented size and frequency, rising sea levels, and a surge in other extreme weather patterns, we must get serious about addressing the risk to our environment, economy, and planet",1,0
254,2899781,/1603823175413923846,"The CCP is the greatest threat we face this century. Strong action & steadfast leadership is necessary to combat it. #Japan, one of our most important allies, took an important step to do exactly that. The US welcomes this important effort to preserve peace in the Indo-Pacific. ",1,0
255,2643728,/1533147374062821378,Love is love. Wonderful to see Portsmouth kicking off #Pride!,1,0
256,3167430,/1592997480127692801,The City Council plans to reject the federal grant we all fought for and resubmit it for a lower number of firefighters. This is a very risky decision and could result in no new firefighters being hired using federal funds — hurting families' safety and taxpayers’ pocketbooks.,1,1
257,968225,/557744437070012416,"We need to grow America’s economy, not Washington’s economy. Obama killed 2013 proposal for simpler&fairer tax code closing loopholes #SOTU",1,1
258,2937649,/1498857514544287750,"Hear, hear! We must and will hold social media companies accountable for the damage they inflict on people, especially the most vulnerable among us for the sake of profits. My bill, the Algorithmic Accountability Act of 2022 will do that. #SOTU #Algorithms #Bias",1,0
259,2955687,/1521585550792302600,"The #SCOTUS conservative majority has chosen a side in the Trump-Republican-led culture war, which imperils democracy for all. The future of our republic lies in the hands of the voters, if we are to restore and preserve freedom and liberty for all in America. ",1,1
260,2682733,/1567580325525454848,"Everyone knows Maduro is a thug, and no one—Colombia, Spain & other European countries included—should prop up him, his cronies or the oil industry.Doing so empowers evil regimes & places these countries at the mercy of evil dictators.",1,1
261,1912097,/1169392287517818880,The fact that Trump is willing to undermine military readiness and California’s firefighting capabilities is unconscionable. I'll continue to work with my colleagues to ensure that the 146th Airlift Wing gets the funding that it needs to complete this critical training simulator.,1,0
262,673364,/794582082303311872,"In the 21st Century, you can't think that it's OK to just tax and tax and tax without international consequences.  ",1,0
263,2972986,/1513596812921393154,Twitter’s continued suspension of @TheBabylonBee is unacceptable and adds to a long list of actions taken by this social media platform to stifle a diversity of viewpoints and free discourse on the internet.,1,1
264,1448156,/993124986041888770,"@DGrizzzard I support @realDonaldTrump, which is why I’m trying to show him how they’re boxing him in again. Accepting a CR on Sept 30 is accepting defeat. If he gives away the store to @SpeakerRyan, what can I do?",1,0
265,2987753,/1371939640144445440,Terrorists on FBI watchlists will exploit every vulnerability on the border to infiltrate our country and harm Americans. We need a wall to protect and secure our southern border.,1,0
266,2543763,/1500570238278160397,Retail theft is hitting businesses and communities hard in Southeast Wisconsin. The rapid rise in crime across the country needs solutions. Our law enforcement needs our support. ,1,1
267,2249555,/1310657005850439683,This is a good start. The bottom line is that Turkey is already exacerbating this conflict. @StateDept should do more to ensure that Turkey does not use this as an opportunity to fortify Azeri military forces. ,1,0
268,2874814,/1457773988420091907,"Actions not words, @ENERGY @SecGranholm. Take action. Americans can't afford @POTUS @JoeBiden's attack on energy.  ",1,1
269,2629793,/1583111097217056770,"Coal shipments to US powerplants fell by OVER HALF from 2010 to 2021. Meanwhile, China is building new coal plants at a rate of ONE PER WEEK!The left is destroying energy here at home while giving Chinese Communists a free pass...#EnergyFreedom",1,1
270,2537283,/1499437671390846976,I am extremely concerned about Gigi Sohn’s nomination for FCC Commissioner. The FCC is a particularly dangerous place for a partisan who is willing to try to muzzle those with whom she disagrees.  Sohn has publicly shown her disdain for conservatives and conservative media. ,1,1
271,2420474,/1237523923803099136,"In rural areas of my district, the C-band spectrum auction gives us the incredible opportunity to garner funding to bridge the rural broadband gap and ideally to kick start the crucial conversation on building America’s domestic telecom production. ",1,0
272,1734279,/1123981150903513088,"Housing discrimination & prejudice of any kind, towards anyone, is wrong. It is a fundamental American value enshrined in our Constitution to ensure equal protection under the law for all people in our country, including when purchasing or renting property.",1,0
273,1126752,/1006591688960299009,I fought this proposal before and I will continue to fight this corrupt scheme to bail out coal barons and swindle American families.,1,1
274,2538425,/1425109842314809344,This infrastructure bill has in it a portion that is designed to obliterate #crypto.That would be a tragic mistake. ,1,1
275,3120754,/1372900118832238600,There are significant questions about the legality of this provision and how it could be implemented. It invites lawsuits and injects more uncertainty into state fiscal policy decisions.,1,0
276,1482284,/1020382837478838272,I agree with President Trump that we need to ensure a level playing field with America’s trading partners. But auto tariffs threaten our economic growth and put manufacturing jobs at risk. #hereforamerica ,1,0
277,1431477,/1048277716175376385,There are over 500K job openings in America’s manufacturing industry. That’s why manufacturers are opening their doors this #MFGDay18 to inspire students to pursue opportunities in Texas manufacturing. Manufacturing makes America strong! ,1,0
278,1745488,/1100776581100908544,The White House isn’t just separating familes at the border– their policy of mass deportation is tearing Vietnamese American families in California. I stand with my Southeast Asian constituents and @CAPAC colleagues against these callous deportations ,1,0
279,2998301,/1348632871347621888,"Big Tech companies have acted in an anticompetitive way by crushing competition, rigging the marketplace, and censoring speech.Congress must act to hold Google, Facebook, Amazon and Apple accountable. ",1,1
280,2239693,/1311702020567465984,"The updated #HeroesAct makes good on @HouseDemocrats’ pledge to compromise while  addressing the health + economic crisis of #COVID19. @SenateGOP must finally negotiate + pass a bill that protects our heroes, crushes the coronavirus + puts money in Americans' pockets. ",1,1
281,318209,/449561982308720642,#Obamacare is killing jobs and failing to make healthcare affordable #brokenpromises ,1,1
282,2814347,/1510006111784640514,"Despite the invaluable contributions of Muslim Americans, Islamophobia continues to threaten our Muslim communities and undermine Americans’ most cherished national values, with hate crimes against Muslims on the rise in recent years.",1,0
283,2985508,/1475250798233735169,"30 years ago today, the world was relieved of the Soviet Union and its brutal, communist regime.Let this serve as a reminder that communism and its suppression of liberty will never prevail.",1,0
284,2473478,/1215385958255865856, ,1,NA
285,1962367,/1225849810869268480,The Trump Administration’s Medicaid block grant proposal threatens coverage and access to care for some of our most vulnerable citizens. Just another cruel attempt to gut health care for the American people. #ProtectOurCare,1,1
286,125702,/473818583815163904,Sen.McConnell enjoyed talking with Lee Burke of East #Kentucky Broadcasting today about his bill to fight EPA regs & President's War on #Coal,1,1
287,427527,/451000307766808576,"To any and all groups who wish to attack me on behalf of the Kochs, I say ‘fire away.’ I am proud to be the target of your attacks.",1,1
288,2529872,/1442523157890576393,Speaker Pelosi's $3.5 trillion (really $5 trillion) plan will not...Rebuild our infrastructureRevamp our economyIt will...Reduce our wages and jobsIncrease our utility billsDrive our businesses overseasRaise our corporate tax rate beyond Communist China's,1,0
289,3023433,/1499051907137957894,"Last night was an opportunity for Joe Biden to completely shift his policies that have failed across America. Instead, he doubled down on his failed policies that harm hardworking #NY21 families.",1,1
290,700223,/642333636268793856,14 years ago terrorists struck a horrible blow - but we are stronger than ever. Today we recommit to working together to keep America great.,1,0
291,3124636,/1538138520313024512,"“I truly believe we made extraordinary progress by laying a new foundation for our economy,” Biden said. He added: “I’ve never been more optimistic about America than I am today. I really mean that.” Joe Biden wants to ""fundamentally remake America""...",1,0
292,1863739,/1227290265087598593,"America's presence in the South China Sea is a counterweight to #China, which claims virtually the entire sea.This would be a setback for our pivot to the Pacific. Also a prime example of how China can make big gains with non-military influence operations. ",1,0
293,1368195,/846769007676051457,"By trying to roll back #CleanPowerPlan, @realDonaldTrump is tragically pushing our nation back - with job losses, sicker kids, & wasted tax $$",1,0
294,3171495,/1565429288723267586,"The crisis in Jackson is further proof that climate action IS infrastructure.We must not only invest in our aging pipes, treatment centers, etc., but also fight climate change to combat extreme weather.",1,1
295,2463545,/1285564372966940673,Insurrectionists cannot be allowed to destroy federal property. ,1,0
296,2740614,/1602997714635169793,"14,000 a day?!!  This is an upcoming INVASION! And we are already being invaded every single day.The Biden admin completely created it.Impeach Biden!!!",1,1
297,684817,/713073562601578496,"It should serve as strong message to all hackers, whether criminals or nations, that anonymity not guaranteed online ",1,0
298,2713522,/1562077813246758912,You can't have your cake and eat it too. Mayor Bowser is getting a taste of what every border community in Texas is experiencing.Her hypocrisy is laughable.,1,0
299,2974928,/1513912936762327044,"Inflation has risen at record pace with every month of Joe Biden’s presidency. While Biden spends his time pointing fingers at who’s to blame, his economy is crushing Americans with no end in sight. ",1,1
,,,,,
,,,,,
,,,,,
,,,,,
,,,,,
,,,,,
,,,,,
,,,,,
,,,,,
,,,,,
,,,,,
,,,,,
,,,,,
,,,,,
,,,,,
,,,,,
,,,,,
,,,,,
,,,,,
,,,,,
,,,,,
,,,,,
,,,,,
,,,,,
,,,,,
,,,,,
,,,,,
,,,,,
,,,,,
,,,,,
,,,,,
,,,,,
,,,,,
,,,,,
,,,,,
,,,,,
,,,,,
,,,,,
,,,,,
,,,,,
,,,,,
,,,,,
,,,,,
,,,,,
,,,,,
,,,,,
,,,,,
,,,,,
,,,,,
,,,,,
,,,,,
,,,,,
,,,,,
,,,,,
,,,,,
,,,,,
,,,,,
,,,,,
,,,,,
,,,,,
,,,,,
,,,,,
,,,,,
,,,,,
,,,,,
,,,,,
,,,,,
,,,,,
,,,,,
,,,,,
,,,,,
,,,,,
,,,,,
,,,,,
,,,,,
,,,,,
,,,,,
,,,,,
,,,,,
,,,,,
,,,,,
,,,,,
,,,,,
,,,,,
,,,,,
,,,,,
,,,,,
,,,,,
,,,,,
,,,,,
,,,,,
,,,,,
,,,,,
,,,,,
,,,,,
,,,,,
,,,,,
,,,,,
,,,,,
,,,,,
,,,,,
,,,,,
,,,,,
,,,,,
,,,,,
,,,,,
,,,,,
,,,,,
,,,,,
,,,,,
,,,,,
,,,,,
,,,,,
,,,,,
,,,,,
,,,,,
,,,,,
,,,,,
,,,,,
,,,,,
,,,,,
,,,,,
,,,,,
,,,,,
,,,,,
,,,,,
,,,,,
,,,,,
,,,,,
,,,,,
,,,,,
,,,,,
,,,,,
,,,,,
,,,,,
,,,,,
,,,,,
,,,,,
,,,,,
,,,,,
,,,,,
,,,,,
,,,,,
,,,,,
,,,,,
,,,,,
,,,,,
,,,,,
,,,,,
,,,,,
,,,,,
,,,,,
,,,,,
,,,,,
,,,,,
,,,,,
,,,,,
,,,,,
,,,,,
,,,,,
,,,,,
,,,,,
,,,,,
,,,,,
,,,,,
,,,,,
,,,,,
,,,,,
,,,,,
,,,,,
,,,,,
,,,,,
,,,,,
,,,,,
,,,,,
,,,,,
,,,,,
,,,,,
,,,,,
,,,,,
,,,,,
,,,,,
,,,,,
,,,,,
,,,,,
,,,,,
,,,,,
,,,,,
,,,,,
,,,,,
,,,,,
,,,,,
,,,,,
,,,,,
,,,,,
,,,,,
,,,,,
,,,,,
,,,,,
,,,,,
,,,,,
,,,,,
,,,,,
,,,,,
,,,,,
,,,,,
,,,,,
,,,,,
,,,,,
,,,,,
,,,,,
,,,,,
,,,,,
,,,,,
,,,,,
,,,,,
,,,,,
,,,,,
,,,,,
,,,,,
,,,,,
,,,,,
,,,,,
,,,,,
,,,,,
,,,,,
,,,,,
,,,,,
,,,,,
,,,,,
,,,,,
,,,,,
,,,,,
,,,,,
,,,,,
,,,,,
,,,,,
,,,,,
,,,,,
,,,,,
,,,,,
,,,,,
,,,,,
,,,,,
,,,,,
,,,,,
,,,,,
,,,,,
,,,,,
,,,,,
,,,,,
,,,,,
,,,,,
,,,,,
,,,,,
,,,,,
,,,,,
,,,,,
,,,,,
,,,,,
,,,,,
,,,,,
,,,,,
,,,,,
,,,,,
,,,,,
,,,,,
,,,,,
,,,,,
,,,,,
,,,,,
,,,,,
,,,,,
,,,,,
,,,,,
,,,,,
,,,,,
,,,,,
,,,,,
,,,,,
,,,,,
,,,,,
,,,,,
,,,,,
,,,,,
,,,,,
,,,,,
,,,,,
,,,,,
,,,,,
,,,,,
,,,,,
,,,,,
,,,,,
,,,,,
,,,,,
,,,,,
,,,,,
,,,,,
,,,,,
,,,,,
,,,,,
,,,,,
,,,,,
,,,,,
,,,,,
,,,,,
,,,,,
,,,,,
,,,,,
,,,,,
,,,,,
,,,,,
,,,,,
,,,,,
,,,,,
,,,,,
,,,,,
,,,,,
,,,,,
,,,,,
,,,,,
,,,,,
,,,,,
,,,,,
,,,,,
,,,,,
,,,,,
,,,,,
,,,,,
,,,,,
,,,,,
,,,,,
,,,,,
,,,,,
,,,,,
,,,,,
,,,,,
,,,,,
,,,,,
,,,,,
,,,,,
,,,,,
,,,,,
,,,,,
,,,,,
,,,,,
,,,,,
,,,,,
,,,,,
,,,,,
,,,,,
,,,,,
,,,,,
,,,,,
,,,,,
,,,,,
,,,,,
,,,,,
,,,,,
,,,,,
,,,,,
,,,,,
,,,,,
,,,,,
,,,,,
,,,,,
,,,,,
,,,,,
,,,,,
,,,,,
,,,,,
,,,,,
,,,,,
,,,,,
,,,,,
,,,,,
,,,,,
,,,,,
,,,,,
,,,,,
,,,,,
,,,,,
,,,,,
,,,,,
,,,,,
,,,,,
,,,,,
,,,,,
,,,,,
,,,,,
,,,,,
,,,,,
,,,,,
,,,,,
,,,,,
,,,,,
,,,,,
,,,,,
,,,,,
,,,,,
,,,,,
,,,,,
,,,,,
,,,,,
,,,,,
,,,,,
,,,,,
,,,,,
,,,,,
,,,,,
,,,,,
,,,,,
,,,,,
,,,,,
,,,,,
,,,,,
,,,,,
,,,,,
,,,,,
,,,,,
,,,,,
,,,,,
,,,,,
,,,,,
,,,,,
,,,,,
,,,,,
,,,,,
,,,,,
,,,,,
,,,,,
,,,,,
,,,,,
,,,,,
,,,,,
,,,,,
,,,,,
,,,,,
,,,,,
,,,,,
,,,,,
,,,,,
,,,,,
,,,,,
,,,,,
,,,,,
,,,,,
,,,,,
,,,,,
,,,,,
,,,,,
,,,,,
,,,,,
,,,,,
,,,,,
,,,,,
,,,,,
,,,,,
,,,,,
,,,,,
,,,,,
,,,,,
,,,,,
,,,,,
,,,,,
,,,,,
,,,,,
,,,,,
,,,,,
,,,,,
,,,,,
,,,,,
,,,,,
,,,,,
,,,,,
,,,,,
,,,,,
,,,,,
,,,,,
,,,,,
,,,,,
,,,,,
,,,,,
,,,,,
,,,,,
,,,,,
,,,,,
,,,,,
,,,,,
,,,,,
,,,,,
,,,,,
,,,,,
,,,,,
,,,,,
,,,,,
,,,,,
,,,,,
,,,,,
,,,,,
,,,,,
,,,,,
,,,,,
,,,,,
,,,,,
,,,,,
,,,,,
,,,,,
,,,,,
,,,,,
,,,,,
,,,,,
,,,,,
,,,,,
,,,,,
,,,,,
,,,,,
,,,,,
,,,,,
,,,,,
,,,,,
,,,,,
,,,,,
,,,,,
,,,,,
,,,,,
,,,,,
,,,,,
,,,,,
,,,,,
,,,,,
,,,,,
,,,,,
,,,,,
,,,,,
,,,,,
,,,,,
,,,,,
,,,,,
,,,,,
,,,,,
,,,,,
,,,,,
,,,,,
,,,,,
,,,,,
,,,,,
,,,,,
,,,,,
,,,,,
,,,,,
,,,,,
,,,,,
,,,,,
,,,,,
,,,,,
,,,,,
,,,,,
,,,,,
,,,,,
,,,,,
,,,,,
,,,,,
,,,,,
,,,,,
,,,,,
,,,,,
,,,,,
,,,,,
,,,,,
,,,,,
,,,,,
,,,,,
,,,,,
,,,,,
,,,,,
,,,,,
,,,,,
,,,,,
,,,,,
,,,,,
,,,,,
,,,,,
,,,,,
,,,,,
,,,,,
,,,,,
,,,,,
,,,,,
,,,,,
,,,,,
,,,,,
,,,,,
,,,,,
,,,,,
,,,,,
,,,,,
,,,,,
,,,,,
,,,,,
,,,,,
,,,,,
,,,,,
,,,,,
,,,,,
,,,,,
,,,,,
,,,,,
,,,,,
,,,,,
,,,,,
,,,,,
,,,,,
,,,,,
,,,,,
,,,,,
,,,,,
,,,,,
,,,,,
,,,,,
,,,,,
,,,,,
,,,,,
,,,,,
,,,,,
,,,,,
,,,,,
,,,,,
,,,,,
,,,,,
,,,,,
,,,,,
,,,,,
,,,,,
,,,,,
,,,,,
,,,,,
,,,,,
,,,,,
,,,,,
,,,,,
,,,,,
,,,,,
,,,,,
,,,,,
,,,,,
,,,,,
,,,,,
,,,,,
,,,,,
,,,,,
,,,,,
,,,,,
,,,,,
,,,,,
,,,,,
,,,,,
,,,,,
,,,,,
,,,,,
,,,,,
,,,,,
,,,,,
,,,,,
,,,,,
,,,,,
,,,,,
,,,,,
,,,,,
,,,,,
,,,,,
,,,,,
,,,,,
,,,,,
,,,,,
,,,,,
,,,,,
,,,,,
,,,,,
,,,,,
,,,,,
,,,,,
,,,,,
,,,,,
,,,,,
,,,,,
,,,,,
,,,,,
,,,,,
,,,,,
,,,,,
,,,,,
,,,,,
,,,,,
,,,,,
,,,,,
,,,,,
,,,,,